"","p.value","R.HFD","R.CD","R2.HFD","R2.CD","p.HFD","p.CD"
"Resistin",0.930449200674168,0.0363636363636364,-0.120879120879121,0.00132231404958678,0.0146117618645091,0.876677637827881,0.696084751435753
"GIP",0.77499942538634,-0.038324133232696,-0.299862732094998,0.00146873918803743,0.0899176580994763,0.868999679102652,0.319547812077836
"PAI1",0.764986422879959,0.0636363636363636,0.0769230769230769,0.0040495867768595,0.00591715976331361,0.784224236853884,0.806530367444286
"GLP1",0.671183442068173,0.143786871162607,0.0440165478304584,0.0206746643187321,0.00193745648291103,0.534065808603539,0.886463863477343
"Glucagon",0.591805625160542,0.105194805194805,0.131868131868132,0.011065947039973,0.017389204202391,0.649067964699023,0.669269053658082
"Ghrelin",0.913233713475275,-0.0474179953557086,-0.115384615384615,0.002248466283554,0.0133136094674556,0.838271437194547,0.709624772741501
"Leptin",0.240829994780595,0.29684964215834,-0.0577717190274766,0.0881197100495346,0.0033375715193897,0.191305168233221,0.851295956543329
"Insulin",0.73065017797524,0.0266667019191216,0.043956043956044,0.000711112991243284,0.00193213380026567,0.908651821855588,0.891846567393224
