"","p.value","R.HFD","R.CD","R2.HFD","R2.CD","p.HFD","p.CD"
"Resistin",0.847008888676206,0.0298701298701299,-0.197802197802198,0.000892224658458424,0.0391257094553798,0.89897393121524,0.517155182307656
"GIP",0.627230702046655,-0.00909386212301261,-0.3768916907983,8.26983283123634e-05,0.142047346592801,0.968793022890754,0.204287425474527
"PAI1",0.761833006026844,0.0272727272727273,-0.0274725274725275,0.000743801652892562,0.000754739765728777,0.907914494194523,0.934992302718377
"GLP1",0.575988906786342,0.147690587121773,-0.137551711970182,0.0218125095243739,0.018920473465928,0.522901580151368,0.654067956953934
"Glucagon",0.650782918939982,0.0935064935064935,0.0274725274725275,0.00874346432787991,0.000754739765728777,0.686204222477928,0.934992302718378
"Ghrelin",0.773596798364063,-0.076648266465392,-0.214285714285714,0.00587495675214974,0.0459183673469388,0.74123011537114,0.481851309334422
"Leptin",0.379470714589264,0.251380331543277,-0.195323430997659,0.0631920710868079,0.0381512426966973,0.27168053493801,0.522501327132519
"Insulin",0.819377214266405,-0.0162601840970254,0.0164835164835165,0.000264393586869157,0.00027170631566236,0.944229404230813,0.963859580344439
